	atcc1	atcc2	atcc3	atcc4	atcc5
atcc1	0.0	0.043478260869565216	0.08695652173913043	0.08695652173913043	0.08695652173913043
atcc2	0.043478260869565216	0.0	0.045454545454545456	0.045454545454545456	0.045454545454545456
atcc3	0.08695652173913043	0.045454545454545456	0.0	0.0	0.0
atcc4	0.08695652173913043	0.045454545454545456	0.0	0.0	0.0
atcc5	0.08695652173913043	0.045454545454545456	0.0	0.0	0.0
