	atcc1	atcc2	atcc3	atcc4	atcc5
atcc1	0.0	0.09143580987143472	0.24462764533197795	0.1421224013876918	0.2648391401434674
atcc2	0.09143580987143472	0.0	0.20375921084455476	0.1335172234521997	0.25757044293023146
atcc3	0.24462764533197795	0.20375921084455476	0.0	0.285452115235587	0.21158958794919203
atcc4	0.1421224013876918	0.1335172234521997	0.285452115235587	0.0	0.247888449610092
atcc5	0.2648391401434674	0.25757044293023146	0.21158958794919203	0.247888449610092	0.0
