	atcc1	atcc2	atcc3	atcc4	atcc5
atcc1	0.0	0.005084535479564724	0.0028293140139370493	0.0029789081733524875	0.00035200287996773515
atcc2	0.005084535479564724	0.0	0.007843266867257968	0.007992861026673407	0.005178025643667365
atcc3	0.0028293140139370493	0.007843266867257968	0.0	0.00024153841584034216	0.0026840773110202573
atcc4	0.0029789081733524875	0.007992861026673407	0.00024153841584034216	0.0	0.002826759561600523
atcc5	0.00035200287996773515	0.005178025643667365	0.0026840773110202573	0.002826759561600523	0.0
