	Patient2-fresh	Patient3-fresh	Patient3-frozen
Patient2-fresh	0.0	0.875	0.8571428571428571
Patient3-fresh	0.875	0.0	0.5714285714285714
Patient3-frozen	0.8571428571428571	0.5714285714285714	0.0
