	atcc1	atcc2	atcc3	atcc4	atcc5
atcc1	0.0	0.0728764449197308	0.00834745492683531	0.005283229957429816	0.0013260309103517649
atcc2	0.0728764449197308	0.0	0.07715652307852727	0.07742737934936386	0.07410799686169425
atcc3	0.00834745492683531	0.07715652307852727	0.0	0.0030642249749977548	0.0070377126605484725
atcc4	0.005283229957429816	0.07742737934936386	0.0030642249749977548	0.0	0.006602251505987668
atcc5	0.0013260309103517649	0.07410799686169425	0.0070377126605484725	0.006602251505987668	0.0
