	atcc1	atcc2	atcc3	atcc4	atcc5
atcc1	0.0	0.013477382422259838	0.04810042677829322	0.0419984736872099	0.054392620228287475
atcc2	0.013477382422259838	0.0	0.04760069664382205	0.045112284442902474	0.056264472126552764
atcc3	0.04810042677829322	0.04760069664382205	0.0	0.02482348470251261	0.03230348346327877
atcc4	0.0419984736872099	0.045112284442902474	0.02482348470251261	0.0	0.030580527414689106
atcc5	0.054392620228287475	0.056264472126552764	0.03230348346327877	0.030580527414689106	0.0
