	atcc1	atcc2	atcc3	atcc4	atcc5
atcc1	0.0	0.2	0.2777777777777778	0.2222222222222222	0.2894736842105263
atcc2	0.2	0.0	0.2571428571428571	0.2	0.2702702702702703
atcc3	0.2777777777777778	0.2571428571428571	0.0	0.2777777777777778	0.2972972972972973
atcc4	0.2222222222222222	0.2	0.2777777777777778	0.0	0.2894736842105263
atcc5	0.2894736842105263	0.2702702702702703	0.2972972972972973	0.2894736842105263	0.0
