	atcc1	atcc2	atcc3	atcc4	atcc5
atcc1	0.0	0.08222942700112269	0.2359233409432132	0.2735236173613559	0.24101596442740772
atcc2	0.08222942700112269	0.0	0.175605213345658	0.2188996828150336	0.21529085902390327
atcc3	0.2359233409432132	0.175605213345658	0.0	0.2154465695196803	0.21180569283363335
atcc4	0.2735236173613559	0.2188996828150336	0.2154465695196803	0.0	0.18888078983343023
atcc5	0.24101596442740772	0.21529085902390327	0.21180569283363335	0.18888078983343023	0.0
