	atcc1	atcc2	atcc3	atcc4	atcc5
atcc1	0.0	0.0145343953847381	0.031630055699251515	0.03869887196314856	0.031179831811897846
atcc2	0.0145343953847381	0.0	0.025273277877088798	0.03245175777922349	0.0243576081956296
atcc3	0.031630055699251515	0.025273277877088798	0.0	0.01735971292967105	0.010213536052540956
atcc4	0.03869887196314856	0.03245175777922349	0.01735971292967105	0.0	0.014265936423941871
atcc5	0.031179831811897846	0.0243576081956296	0.010213536052540956	0.014265936423941871	0.0
