	atcc1	atcc2	atcc3	atcc4	atcc5
atcc1	0.0	0.14814814814814814	0.32142857142857145	0.5952380952380952	0.5384615384615384
atcc2	0.14814814814814814	0.0	0.2692307692307692	0.575	0.5135135135135135
atcc3	0.32142857142857145	0.2692307692307692	0.0	0.5405405405405406	0.47058823529411764
atcc4	0.5952380952380952	0.575	0.5405405405405406	0.0	0.5777777777777777
atcc5	0.5384615384615384	0.5135135135135135	0.47058823529411764	0.5777777777777777	0.0
